No,Nombre Generico (principio activo / composicion),Concentracion maxima,Forma Farmaceutica,Observaciones / Recomendaciones
1,ACEITE DE HIGADO DE BACALAO + EXTRACTO DE MALTA,NO DEBE EXCEDER LA DOSIS DIARIA RECOMENDADA,EMULSION,No superar la dosis recomendada.
2,ACEITE DE HIGADO DE BACALAO + VITAMINA C,NO DEBE EXCEDER LA DOSIS DIARIA RECOMENDADA,EMULSION,No superar la dosis recomendada.
3,ACEITE DE HIGADO DE BACALAO + VITAMINA E,NO DEBE EXCEDER LA DOSIS DIARIA RECOMENDADA,CAPSULA BLANDAS,No superar la dosis recomendada.
4,ACEITE DE LINAZA,1000 mg,CAPSULA BLANDAS,No superar la dosis recomendada.
5,ACETAMINOFEN (PARACETAMOL),1000 mg,CAPLETA / TABLETA / COMPRIMIDO / COMPRIMIDOS EFERVESCENTES,"La dosis total de acetaminofen/paracetamol no debe sobrepasar los 80 mg/kg/dia para ninos con un peso menor de 37 kg, y 3 g al dia en adultos y ninos con mas de 38 kg. Puede producir hepatotoxicidad, incluso a dosis terapeuticas, despues de un corto periodo de tratamiento, aun en pacientes sin insuficiencia hepatica."
6,ACETAMINOFEN (PARACETAMOL),500 mg,SUPOSITORIO,"La dosis total de acetaminofen/paracetamol no debe sobrepasar los 80 mg/kg/dia para ninos con un peso menor de 37 kg, y 3 g al dia en adultos y ninos con mas de 38 kg. Puede producir hepatotoxicidad, incluso a dosis terapeuticas, despues de un corto periodo de tratamiento, aun en pacientes sin insuficiencia hepatica."
7,ACETAMINOFEN (PARACETAMOL),50 mg,TABLETA / COMPRIMIDOS MASTICABLES,"La dosis total de acetaminofen/paracetamol no debe sobrepasar los 80 mg/kg/dia para ninos con un peso menor de 37 kg, y 3 g al dia en adultos y ninos con mas de 38 kg. Puede producir hepatotoxicidad, incluso a dosis terapeuticas, despues de un corto periodo de tratamiento, aun en pacientes sin insuficiencia hepatica."
8,ACETAMINOFEN (PARACETAMOL),160 mg / 5 mL,JARABE / SUSPENSION,"La dosis total de acetaminofen/paracetamol no debe sobrepasar los 80 mg/kg/dia para ninos con un peso menor de 37 kg, y 3 g al dia en adultos y ninos con mas de 38 kg. Puede producir hepatotoxicidad, incluso a dosis terapeuticas, despues de un corto periodo de tratamiento, aun en pacientes sin insuficiencia hepatica."
9,ACETAMINOFEN (PARACETAMOL),100 mg / mL,SOLUCION GOTAS ORALES,"La dosis total de acetaminofen/paracetamol no debe sobrepasar los 80 mg/kg/dia para ninos con un peso menor de 37 kg, y 3 g al dia en adultos y ninos con mas de 38 kg. Puede producir hepatotoxicidad, incluso a dosis terapeuticas, despues de un corto periodo de tratamiento, aun en pacientes sin insuficiencia hepatica."
10,ACETAMINOFEN (PARACETAMOL) COMBINADO CON: AMANTADINA CLORHIDRATO + FENILEFRINA CLORHIDRATO,Hasta 500 mg de Acetaminofen + 50 mg Amantadina + 10 mg Fenilefrina,TABLETA / COMPRIMIDO,"La amantadina debera usarse con precaucion en pacientes con disfuncion hepatica. Se han observado algunos casos un aumento de las transaminasas. La amantadina puede producir insomnio. La dosis de acetaminofen/paracetamol no debe sobrepasar los 80 mg/kg/dia para ninos con un peso menor de 37 kg y 3 g al dia en adultos y ninos con mas de 38 kg. Puede producir hepatotoxicidad, incluso a dosis terapeuticas, despues de un corto periodo de tratamiento y en pacientes que no tengan insuficiencia hepatica. Su uso puede afectar el sueno y el reposo normal."
11,ACETAMINOFEN (PARACETAMOL) + ACIDO ACETILSALICILICO + CAFEINA,250 mg + 250 mg + 65 mg,CAPLETA / TABLETA / COMPRIMIDOS RECUBIERTOS,"La dosis total de acetaminofen/paracetamol no debe sobrepasar los 80 mg/kg/dia para ninos con un peso menor de 37 kg, y 3 g al dia en adultos y ninos con mas de 38 kg. Puede producir hepatotoxicidad, incluso a dosis terapeuticas, despues de un corto periodo de tratamiento, aun en pacientes sin insuficiencia hepatica. No debe ingerirse alcohol en concomitancia al uso de acido acetilsalicilico, ya que incrementa los efectos adversos gastrointestinales del acido acetilsalicilico, y es un factor desencadenante en la irritacion cronica producida por el acido acetilsalicilico. La utilizacion del acido acetilsalicilico en pacientes que consumen habitualmente alcohol."
12,ACETAMINOFEN (PARACETAMOL) + CAFEINA,Hasta 500 mg Acetaminofen / 65 mg de Cafeina,CAPLETA / TABLETA / COMPRIMIDOS RECUBIERTAS,"La dosis total de acetaminofen/paracetamol no debe sobrepasar los 80 mg/kg/dia para ninos con un peso menor de 37 kg, y 3 g al dia en adultos y ninos con mas de 38 kg. Puede producir hepatotoxicidad, incluso a dosis terapeuticas, despues de un corto periodo de tratamiento y en pacientes que no tengan insuficiencia hepatica. Su uso puede afectar el sueno y el reposo normal."
13,ACETAMINOFEN (PARACETAMOL) + DEXCLORFENIRAMINA MALEATO,100 mg + 0.5 mg / mL,SOLUCION ORAL GOTAS,"La dosis total de acetaminofen/paracetamol no debe sobrepasar los 80 mg/kg/dia para ninos con un peso menor de 37 kg, y 3 g al dia en adultos y ninos con mas de 38 kg. Puede producir hepatotoxicidad, incluso a dosis terapeuticas, despues de un corto periodo de tratamiento, aun en pacientes sin insuficiencia hepatica. Si luego de tres dias de tratamiento persisten los sintomas acudir a su medico o a una unidad de salud."
14,ACETAMINOFEN (PARACETAMOL) + FENILEFRINA HCL + CETIRIZINA DICLORHIDRATO,325 mg + 5 mg + 5 mg / 5 mL,JARABE,"La dosis total de acetaminofen/paracetamol no debe sobrepasar los 80 mg/kg/dia para ninos con un peso menor de 37 kg, y 3 g al dia en adultos y ninos con mas de 38 kg. Puede producir hepatotoxicidad, incluso a dosis terapeuticas, despues de un corto periodo de tratamiento, aun en pacientes sin insuficiencia hepatica. Si luego de tres dias persisten los sintomas acuda a su medico o a la unidad de salud mas cercana."
15,ACETAMINOFEN (PARACETAMOL) COMBINADO CON: FENILEFRINA CLORHIDRATO + CETIRIZINA DICLORHIDRATO,Hasta 500 mg de Acetaminofen + 10 mg Fenilefrina + 5 mg Cetirizina,TABLETA / COMPRIMIDO / CAPLETA / CAPSULAS / POLVO PARA SOLUCION ORAL,"La dosis total de acetaminofen/paracetamol no debe sobrepasar los 80 mg/kg/dia para ninos con un peso menor de 37 kg, y 3 g al dia en adultos y ninos con mas de 38 kg. Puede producir hepatotoxicidad, incluso a dosis terapeuticas, despues de un corto periodo de tratamiento, aun en pacientes sin insuficiencia hepatica."
16,ACETAMINOFEN (PARACETAMOL) COMBINADO CON: CLORFENIRAMINA MALEATO + (DEXTROMETORFANO BROMHIDRATO o BROMHEXINA CLORHIDRATO) + FENILEFRINA CLORHIDRATO,Hasta 500 mg Acetaminofen + 5 mg Clorfeniramina + (30 mg Dextrometorfano o 8 mg Bromhexina) + 10 mg Fenilefrina,TABLETA / COMPRIMIDO / CAPLETA / CAPSULAS / POLVO PARA SOLUCION ORAL / COMPRIMIDOS EFERVESCENTES,"La dosis total de acetaminofen/paracetamol no debe sobrepasar los 80 mg/kg/dia para ninos con un peso menor de 37 kg, y 3 g al dia en adultos y ninos con mas de 38 kg. Puede producir hepatotoxicidad, incluso a dosis terapeuticas, despues de un corto periodo de tratamiento, aun en pacientes sin insuficiencia hepatica. Si luego de tres dias de tratamiento persisten los sintomas acudir a su medico o a una unidad de salud."
17,ACETAMINOFEN (PARACETAMOL) COMBINADO CON: GUAIFENESINA + CLORFENAMINA MALEATO + FENILEFRINA + (DEXTROMETORFANO o BROMHEXINA),Hasta 125 mg Acetaminofen + 100 mg Guaifenesina + 5 mg Clorfeniramina + 5 mg Fenilefrina + (15 mg Dextrometorfano o 4 mg Bromhexina) / 5 mL,JARABE,No superar la dosis recomendada. Usar con precaucion en hipertensos.
18,ACETAMINOFEN + CARBONATO DE CALCIO + TIAMINA MONONITRATO + CAFEINA ANHIDRA,500 mg + 260 mg + 84 mg + 65 mg,TABLETA / COMPRIMIDO,"No superar la dosis recomendada, si los sintomas persisten luego de 72 horas o empeoran antes acuda a su medico. Puede producir somnolencia."
19,ACETATO DE ALUMINIO,3 mg / 5 mL (0.030 g/100 mL),LOCION,Si persisten los sintomas luego de la dosis recomendada busque atencion medica.
20,ACETATO DE CALCIO,700 mg,TABLETA / COMPRIMIDOS RECUBIERTAS,No usar si hay problemas renales o cardiacos.
21,ACETATO DE CALCIO + SULFATO DE ALUMINIO,16.45 g + 51.03 g / 100 g,POLVO PARA SOLUCION TOPICA,No observaciones.
22,ACETATO DE ZINC DIHIDRATADO,5 mg / 5 mL,GEL,Si persisten los sintomas luego de la dosis recomendada busque atencion medica.
23,ACIDO ACETIL SALICILICO,500 mg,TABLETA / COMPRIMIDOS / CAPLETAS,"El alcohol puede incrementar el riesgo de dano gastrointestinal cuando se toma junto con acido acetilsalicilico. Puede producir sangrado de tubo digestivo alto, no ingerir en periodos cercanos a una cirugia por el incremento del riesgo de hemorragia. No usar por mas del tiempo y dosis recomendada. No utilizar en pacientes alergicos al acido acetil salicilico."
24,ACIDO ACETIL SALICILICO + CAFEINA,Hasta 500 mg de AAS / 65 mg Cafeina,TABLETA / COMPRIMIDO,"El alcohol puede incrementar el riesgo de dano gastrointestinal cuando se toma junto con acido acetilsalicilico. Puede producir sangrado de tubo digestivo alto, no ingerir en periodos cercanos a una cirugia por el incremento del riesgo de hemorragia. No usar por mas del tiempo y dosis recomendada. Este medicamento no debe emplearse como sustituto del sueno. No utilizar en pacientes alergicos al acido acetil salicilico."
25,ACIDO ACETIL SALICILICO + CAFEINA + BICARBONATO DE SODIO + ACIDO CITRICO,500 mg + 65 mg + 1985 mg + 1000 mg,TABLETA / CAPLETA / COMPRIMIDO / COMPRIMIDOS EFERVESCENTE,"El alcohol puede incrementar el riesgo de dano gastrointestinal cuando se toma junto con acido acetilsalicilico. Puede producir sangrado de tubo digestivo alto, no ingerir en periodos cercanos a una cirugia por el incremento del riesgo de hemorragia. No usar por mas del tiempo y dosis recomendada. Este medicamento no debe emplearse como sustituto del sueno. No utilizar en pacientes alergicos al acido acetil salicilico."
26,ACIDO ACETIL SALICILICO + CAFEINA + BICARBONATO DE SODIO + ACIDO CITRICO,500 mg + 65 mg + 2000 mg + 2000 mg,TABLETA / COMPRIMIDO EFERVESCENTE,"El alcohol puede incrementar el riesgo de dano gastrointestinal cuando se toma junto con acido acetilsalicilico. Puede producir sangrado de tubo digestivo alto, no ingerir en periodos cercanos a una cirugia por el incremento del riesgo de hemorragia. No usar por mas del tiempo y dosis recomendada. Este medicamento no debe emplearse como sustituto del sueno. No utilizar en pacientes alergicos a la acido acetil salicilico."
27,ACIDO ACETIL SALICILICO COMBINADO CON: CLORFENIRAMINA MALEATO + DEXTROMETORFANO BROMHIDRATO + FENILEFRINA CLORHIDRATO,Hasta 500 mg AAS + 2 mg Clorfeniramina + 15 mg Dextrometorfano + 10 mg Fenilefrina,TABLETA / COMPRIMIDO EFERVESCENTE,"El alcohol puede incrementar el riesgo de dano gastrointestinal cuando se toma junto con acido acetilsalicilico. Puede producir sangrado de tubo digestivo alto, no ingerir en periodos cercanos a una cirugia por el incremento del riesgo de hemorragia. No usar por mas del tiempo y dosis recomendada. Si despues de 3 dias persisten los sintomas acudir a su medico o a la unidad de salud mas cercana. No utilizar en pacientes alergicos a la acido acetil salicilico."
28,ACIDO ASCORBICO (VITAMINA C),2000 mg,TABLETA / COMPRIMIDOS MASTICABLES / CAPSULAS / COMPRIMIDOS EFERVESCENTES,"La duracion del tratamiento en general no debe superar 10 dias continuos. Si los sintomas no mejoran o empeoran despues de 7 dias de tratamiento, buscar atencion medica."
29,ACIDO ASCORBICO (VITAMINA C) + ZINC,1000 mg + 10 mg,TABLETA / COMPRIMIDO,"La duracion del tratamiento en general no debe superar 10 dias continuados. Si los sintomas no mejoran o empeoran despues de 7 dias de tratamiento, buscar atencion medica. Tratamiento de estados carenciales de vitamina C, en adultos y adolescentes a partir de 14 anos."
30,ACIDO BENZOICO + ACIDO SALICILICO,100 mg + 200 mg / 5 g,UNGUENTO,Si persisten los sintomas luego de la dosis recomendada busque atencion medica.
31,ACIDO BORICO,2.75 g / 100 mL,SOLUCION OTICA,No usar si hay sospecha de infeccion o secreciones. Si los sintomas persisten consultar a su medico.
32,ACIDO BORICO + CALAMINA + GLICERINA + MENTOL + OXIDO DE ZINC + TALCO,[ILEGIBLE - celda tachada en el origen],LOCION,Si persisten los sintomas busque atencion medica.
33,ACIDO EICOSAPENTAENOICO + ACIDO DOCOSAHEXAENOICO,180 mg + 120 mg,CAPSULA,Si persisten los sintomas busque atencion medica.
34,ACIDO FOLICO,5 mg,TABLETA / COMPRIMIDO,No superar la dosis recomendada.
35,ACIDO FOLICO,5 mg / 5 mL,JARABE,No superar la dosis recomendada.
36,ACIDO FOLICO + VITAMINA B 12,5 mg + 500 mcg / 10 mL,JARABE,No superar la dosis recomendada.
37,ACIDO SALICILICO,30 g / 100 g,POMADA / UNGUENTO / GEL,Si persisten los sintomas busque atencion medica.
38,ACIDO SALICILICO,1 g / 100 mL,SOLUCION TOPICA,Si persisten los sintomas busque atencion medica.
39,ACIDO SALICILICO + ACIDO LACTICO,2.0 g + 0.5 g / 10 g,SOLUCION TOPICA,Si persisten los sintomas busque atencion medica.
40,ACIDO SALICILICO COMBINADO CON: AZUFRE + SULFATIAZOL,Hasta la concentracion maxima de Acido Salicilico,POMADA DERMICA,Si persisten los sintomas busque atencion medica.
41,ACIDO UNDECILENICO,19.06 g / 100 g,AEROSOL EN SUSPENSION,Si persisten los sintomas busque atencion medica.
42,AGUA ESTERIL,[ILEGIBLE - celda tachada en el origen],SOLUCION ESTERIL,No observaciones.
43,AGUA OXIGENADA,3% (10 VOLUMENES),SOLUCION,Solo para uso externo. No ingerir.
44,ALBENDAZOL,200 mg,TABLETA / COMPRIMIDO,No se debe administrar albendazol durante el embarazo o en mujeres que se sospeche embarazo. Consulte a su medico.
45,ALBENDAZOL,400 mg / 10 mL,SUSPENSION ORAL,No se debe administrar albendazol durante el embarazo o en mujeres que se sospeche embarazo. Consulte a su medico. Ninos entre 1-2 anos la dosis es de 200 mg. Una dosis. Consulte a su medico.
46,ALCANFOR,[ILEGIBLE - celda tachada en el origen],POMADA / CREMA,No ingerir.
47,ALCANFOR + TREMENTINA + MENTOL + ACEITE ESENCIAL DE EUCALIPTO + TIMOL,[ILEGIBLE - celda tachada en el origen],UNGUENTO,No ingerir.
48,ALCOHOL ETILICO,70 % V/V,SOLUCION,Solo para uso externo. No ingerir.
49,ALCOHOL ISOPROPILICO,70 % V/V,SOLUCION DE USO TOPICO,Solo para uso externo. No ingerir.
50,ALFA - AMILASA,3000 U.CEIP,TABLETA / COMPRIMIDOS GRAGEADOS,No superar la dosis recomendada.
51,ALFA - AMILASA,1000 U CEIP / 5 mL,JARABE,No superar la dosis recomendada.
52,ALGINATO DE SODIO + BICARBONATO DE SODIO,2.67 g - 2.50 g / 100 mL,SUSPENSION ORAL,No superar la dosis recomendada.
53,AMBROXOL CLORHIDRATO,30 mg,TABLETA / COMPRIMIDO / CAPLETA,No administrar a ninos menores de 2 anos. Si los sintomas persisten despues de 5 dias se debe acudir al medico o a la unidad de salud mas cercana.
54,AMBROXOL CLORHIDRATO,30 mg / 5 mL,SOLUCION ORAL / JARABE,No administrar a ninos menores de 2 anos. Si los sintomas persisten despues de 5 dias se debe acudir al medico o a la unidad de salud mas cercana.
55,AMBROXOL CLORHIDRATO,7.5 mg / mL,SOLUCION ORAL GOTAS,No administrar a ninos menores de 2 anos. Si los sintomas persisten despues de 5 dias se debe acudir al medico o a la unidad de salud mas cercana.
56,AMBROXOL CLORHIDRATO,75 mg,CAPSULA DE LIBERACION PROLONGADA,No administrar a ninos menores de 2 anos. Si los sintomas persisten despues de 5 dias se debe acudir al medico o a la unidad de salud mas cercana.
57,AZUFRE,10 g / 100 g,JABON,No ingerir. Suspender si produce irritacion.
58,BENZALCONIO CLORURO,10 g / 100 g,PASTA JABON,No ingerir. Si los sintomas persisten consultar a su medico.
59,BENZALCONIO CLORURO,0.5 g / 100 mL,SOLUCION TOPICA,No ingerir. Solo para uso externo.
60,BENZOCAINA,20 mg / mL,SOLUCION OTICA,No aplicar en sospecha de infeccion o si hay secreciones a traves del oido. Si los sintomas persisten consultar a su medico.
61,BENZOCAINA + CLORURO DE DECUALINIO,10 mg + 0.25 mg,PASTILLA,No superar la dosis recomendada. Si los sintomas persisten consultar a su medico.
62,BENZOCAINA + CLORHEXIDINA DIHIDROCLORURO,2 mg + 5 mg,TABLETA / COMPRIMIDOS MASTICABLES,No superar la dosis recomendada.
63,BENZOCAINA + TRICLOSAN,0.500 g + 0.200 g / 100 mL,LOCION TOPICA,No ingerir. No superar la dosis recomendada.
64,BICARBONATO DE SODIO,2.3 g / 5 g,POLVO EFERVESCENTE PARA SOLUCION ORAL,No superar la dosis recomendada.
65,BICARBONATO DE SODIO + ALGINATO DE SODIO,125 mg + 133.5 mg / 5 mL,SUSPENSION ORAL,No superar la dosis recomendada.
66,BICARBONATO DE SODIO + SULFATO DE MAGNESIO,2.3 g + 0.9 g / 5 g,POLVO EFERVESCENTE PARA SOLUCION ORAL,No superar la dosis recomendada.
67,BICARBONATO DE SODIO + ACIDO CITRICO + CARBONATO SODICO,2.3 g + 2.19 g + 0.45 g / 5 g,POLVO EFERVESCENTE PARA SOLUCION ORAL,No superar la dosis recomendada.
68,BROMHEXINA CLORHIDRATO,8 mg,TABLETA / COMPRIMIDO / CAPSULAS BLANDAS,No usar en menores de 2 anos. Si los sintomas persisten consultar a su medico.
69,BROMHEXINA CLORHIDRATO,8 mg / 5 mL,JARABE,No usar en menores de 2 anos. Si los sintomas persisten consultar a su medico.
70,CALAMINA,[ILEGIBLE - celda tachada en el origen],LOCION,No ingerir. No superar la dosis recomendada.
71,CALAMINA + DIFENHIDRAMINA,[ILEGIBLE - celda tachada en el origen],LOCION,No ingerir. No superar la dosis recomendada.
72,CALAMINA + OXIDO DE ZINC,[ILEGIBLE - celda tachada en el origen],LOCION,No ingerir. No superar la dosis recomendada.
73,CALAMINA + OXIDO DE ZINC + DIFENHIDRAMINA,[ILEGIBLE - celda tachada en el origen],LOCION,No ingerir. No superar la dosis recomendada.
74,CALCIO GLUCONATO,600 mg,TABLETA / COMPRIMIDOS MASTICABLES,No usar si hay problemas renales o cardiacos.
75,CALCIO CARBONATO,90 g / 100 g,POLVO,"No superar la dosis recomendada, no usar en problemas renales sin autorizacion medica."
76,CARBOMER,2.50 mg/g,GEL OFTALMICO,No superar la dosis recomendada.
77,CARBOMERO + MANITOL,0.150 g + 4.600 g / g,GEL OFTALMICO,No superar la dosis recomendada.
78,CARBONATO DE CALCIO + VITAMINA D3,1500 mg + 400 UI,TABLETA / COMPRIMIDO / CAPLETAS / CAPSULAS,No usar si hay problemas renales o cardiacos.
79,CARBONATO DE CALCIO,1500 mg,TABLETA / COMPRIMIDO / CAPLETAS / CAPSULAS,No usar si hay problemas renales o cardiacos.
80,CETIRIZINA DICLORHIDRATO,10 mg,CAPSULA / TABLETA / COMPRIMIDOS / CAPLETAS,Precaucion al usarse conjuntamente con alcohol. No usar en ninos menores de 6 anos. Si los sintomas persisten consultar a su medico.
81,CETIRIZINA DICLORHIDRATO,5 mg / 5 mL,JARABE,No usar en ninos menores de 6 anos. Si los sintomas persisten consultar a su medico.
82,CITRATO DE CALCIO,1500 mg,TABLETA / COMPRIMIDO / CAPLETAS / CAPSULAS,No usar si hay problemas renales o cardiacos.
83,CITRATO DE CALCIO + VITAMINA D3,1500 mg + 400 UI,TABLETA / COMPRIMIDO / CAPLETAS / CAPSULAS,No usar si hay problemas renales o cardiacos.
84,CITRATO POTASICO,1080 mg,TABLETA / COMPRIMIDO DE LIBERACION PROLONGADA,No superar la dosis recomendada. No usar con problemas renales o cardiacos sin prescripcion medica.
85,CLONIXINATO DE LISINA,125 mg,CAPSULA / TABLETA / COMPRIMIDOS,No usar en menores de 18 anos. No superar la dosis recomendada.
86,CLORURO DE OXIBUPROCAINA + CLORURO DE CETILPIRIDINO,0.20000 mg + 1.00000 mg,TABLETA / COMPRIMIDO,No superar la dosis recomendada. Si los sintomas persisten consultar a su medico.
87,CLORURO DE SODIO,70 mg / mL,SOLUCION NASAL / SOLUCION SPRAY NASAL / SOLUCION PARA INHALACION,En caso de sospecha de infeccion o si los sintomas persisten luego de 48 horas acudir al medico.
88,CLOTRIMAZOL,2 g / 100 g,CREMA TOPICA / GEL,Si los sintomas persisten consultar a su medico. Evitar el contacto del producto con ojos y mucosas. No ingerir.
89,CLOTRIMAZOL,500 mg,OVULO VAGINAL / TABLETA / COMPRIMIDO VAGINAL,"Se debe consultar a un medico si los sintomas durante el tratamiento se mantienen despues de 3 dias o se observa aumento del flujo vaginal o cambios en su aspecto u olor, o sangrado."
90,CLOTRIMAZOL,1 g / 100 mL,SOLUCION DE USO TOPICO / SOLUCION ATOMIZADORA,Si los sintomas persisten consultar a su medico. Evitar el contacto del producto con ojos y mucosas. No ingerir.
91,CLOTRIMAZOL,2 g / 100 g,JABON PASTA,Si los sintomas persisten consultar a su medico. Evitar el contacto del producto con ojos y mucosas. No ingerir.
92,CLOTRIMAZOL,2 g / 100 g (2%),CREMA VAGINAL / GEL,"Se debe consultar a un medico si los sintomas durante el tratamiento se mantienen despues de 3 dias o se observa aumento del flujo vaginal o cambios en su aspecto u olor, o sangrado."
93,CLOTRIMAZOL COMBINADO CON: PARACLOROXILENOL + DIFENHIDRAMINA + VITAMINA A + VITAMINA D3 + AVENA,Hasta concentracion maxima del 1% para el Clotrimazol,JABON PASTA,Si los sintomas persisten consultar a su medico. Evitar el contacto del producto con ojos y mucosas. No ingerir.
94,DEXTROMETORFAN,15 mg / 5 mL,JARABE,"No utilizar este medicamento en caso de tos persistente o cronica, como la debida al tabaco, ya que puede deteriorar la expectoracion y aumentar asi la resistencia de las vias respiratorias. No usar de manera prolongada. No usar en ninos menores de 12 anos salvo que sea indicado por un medico. Si los sintomas persisten consulte a su medico."
95,DEXTROMETORFANO,30 mg,TABLETAS / COMPRIMIDOS,"No utilizar este medicamento en caso de tos persistente o cronica, como la debida al tabaco, ya que puede deteriorar la expectoracion y aumentar asi la resistencia de las vias respiratorias. No usar de manera prolongada. No usar en ninos menores de 12 anos salvo que sea indicado por un medico. Si los sintomas persisten consulte a su medico."
96,DEXTROMETORFANO + GUAIFENESINA,30 mg + 200 mg,CAPLETA,"No utilizar este medicamento en caso de tos persistente o cronica, como la debida al tabaco, ya que puede deteriorar la expectoracion y aumentar asi la resistencia de las vias respiratorias. No usar de manera prolongada. No usar en ninos menores de 12 anos salvo que sea indicado por un medico."
97,DEXTROMETORFANO BROMHIDRATO + CLORFENIRAMINA MALEATO,30 mg + 4 mg,TABLETA / COMPRIMIDO,"No utilizar este medicamento en caso de tos persistente o cronica, como la debida al tabaco, ya que puede deteriorar la expectoracion y aumentar asi la resistencia de las vias respiratorias. No usar de manera prolongada. No usar en ninos menores de 12 anos salvo que sea indicado por un medico. Si despues de 3 dias persisten los sintomas o empeoran acudir a un medico. Si los sintomas persisten consulte a su medico."
98,DEXTROMETORFANO BROMHIDRATO + MIEL DE ABEJA + CLORFENIRAMINA,15 mg + 350 mg + 5 mg / 5 mL,JARABE,"No utilizar este medicamento en caso de tos persistente o cronica, como la debida al tabaco, ya que puede deteriorar la expectoracion y aumentar asi la resistencia de las vias respiratorias. No usar de manera prolongada. No usar en ninos menores de 12 anos salvo que sea indicado por un medico."
99,DICLOFENAC DIETILAMONIO,1 g / 100 g,GEL TOPICO,Solo uso topico. Si sintomas persisten consulte a su medico.
100,DICLOFENAC SODICO,1 g / 100 g,GEL TOPICO,Solo uso topico. Si los sintomas persisten consulte a su medico.
101,DIFENHIDRAMINA,50 mg,TABLETA / COMPRIMIDO,"Produce sedacion, tomar antes de dormir, no debera ser administrada durante un periodo superior a 7 dias, ni a menores de 12 anos. Si los sintomas persisten consultar a su medico."
102,DIFENHIDRAMINA,12.5 mg / 5 mL,JARABE / SOLUCION ORAL,"Produce sedacion, tomar antes de dormir, no debera ser administrada durante un periodo superior a 7 dias, ni a menores de 12 anos. Si los sintomas persisten consultar a su medico."
103,DIFENHIDRAMINA CLORHIDRATO + CLORHIDRATO DE FENILEFRINA,12.50 mg + 5 mg / 5 mL,JARABE,Produce sedacion. No administrar a ninos menores de 12 anos. Por la fenilefrina usar con precaucion en hipertensos y cardiopatas. Si los sintomas persisten consultar a su medico.
104,DIGLUCONATO DE CLORHEXIDINA,20 %,GEL,Solo uso topico. Si los sintomas persisten consultar a su medico.
105,DIMENHIDRINATO,50 mg,TABLETA / COMPRIMIDO,No debe utilizarse en ninos menores de 2 anos. Puede producir sueno. Si los sintomas persisten consultar a su medico.
106,DIMENHIDRINATO,25 mg,SUPOSITORIO,No debe utilizarse en ninos menores de 2 anos. Puede producir sueno. Si los sintomas persisten consultar a su medico.
107,DIMENHIDRINATO,15 mg / 5 mL,JARABE / SOLUCION ORAL,No debe utilizarse en ninos menores de 2 anos. Puede producir sueno. Si los sintomas persisten consultar a su medico.
108,ESPORAS DE BACILLUS CLAUSII,2 Millardos (2 Billones),CAPSULA,No superar la dosis recomendada.
109,ESPORAS DE BACILLUS CLAUSII,2 Billones / 5 mL,SUSPENSION ORAL,No superar la dosis recomendada.
110,EXTRACTO DE CAMOMILA,0.25 mg / mL,SOLUCION OFTALMICA ESTERIL,No superar la dosis recomendada.
111,EXTRACTO DE FLUIDO DE RUIBARBO + ACIDO SALICILICO,50 mg + 10 mg / mL,SOLUCION TOPICA,No superar la dosis recomendada.
112,EXTRACTO DE GINGKO BILOBA,80 mg,TABLETA / COMPRIMIDOS RECUBIERTOS,"No superar la dosis recomendada. No usar conjuntamente acido acetil salicilico o cualquier otro antiplaquetario, para evitar el riesgo de sangrado."
113,EXTRACTO DE HOJA DE HIEDRA DESECADA (HEDERA HELIX),7.0 mg / mL,JARABE,No superar la dosis recomendada.
114,EXTRACTO ESTANDARIZADO DE GINKGO BILOBA,40 mg / mL,SOLUCION GOTAS,"No superar la dosis recomendada. No usar conjuntamente acido acetil salicilico o cualquier otro antiplaquetario, para evitar el riesgo de sangrado."
115,EXTRACTO TITULADO DE CENTELLA ACUATICA,2 g / 100 g,POLVO,No superar la dosis recomendada.
116,EXTRACTO TITULADO DE CENTELLA ACUATICA,2 g / 100 g,CREMA TOPICA,No superar la dosis recomendada.
117,FOSFATO DE CALCIO TRIBASICO,5.0 g / 100 g,GRANULADO,No usar si hay problemas renales o cardiacos.
118,GLICERINA,1.2 g / SUPOSITORIO NINOS,SUPOSITORIO,No usar en menores de dos anos.
119,GLICERINA,2.4 g / SUPOSITORIO ADULTOS,SUPOSITORIO,No usar en menores de dos anos.
120,GLUCONATO FERROSO,300 mg / 10 mL,SOLUCION ORAL,No superar la dosis recomendada.
121,GLUCOSAMINA + SULFATO DE CONDROITINA + METIL SUFONIL METANO,500 mg + 400 mg + 300 mg,TABLETA / COMPRIMIDO,No superar la dosis recomendada.
122,GOTU KOLA,500 mg,CAPSULA,No superar la dosis recomendada.
123,HIDROTALCITA,500 mg,TABLETA / COMPRIMIDOS MASTICABLES,No superar la dosis recomendada.
124,HIDROXIDO DE ALUMINIO + HIDROXIDO DE MAGNESIO + SIMETICONA,520 mg + 480 mg + 40 mg / 5 mL,SUSPENSION ORAL,No administrar en menores de 15 anos. Si luego de tres dias persisten los sintomas se debe acudir a un medico o a la unidad de salud mas cercana. No administrar en personas con estrenimiento.
125,HIDROXIDO DE ALUMINIO + HIDROXIDO DE MAGNESIO + SIMETICONA,520 mg + 480 mg + 40 mg,TABLETA / COMPRIMIDO MASTICABLE,No administrar en menores de 15 anos. Si luego de tres dias persisten los sintomas se debe acudir a un medico o a la unidad de salud mas cercana. No administrar en personas con estrenimiento.
126,HIDROXIDO DE MAGNESIO,480 mg / 5 mL,SUSPENSION ORAL,No usar de manera cronica. No usar como laxante en ninos.
127,HIDROXIDO DE MAGNESIO + OXIDO DE MAGNESIO,1.08 g + 4.68 g / 8 g,POLVO PARA SUSPENSION ORAL,No administrar en menores de 15 anos. Si luego de tres dias persisten los sintomas se debe acudir a un medico o a la unidad de salud mas cercana. No administrar en personas con estrenimiento.
128,HIDROXIPROPIL GUAR,6 mg / mL,SOLUCION OFTALMICA,No superar la dosis recomendada.
129,HIDROXIPROPIL METIL CELULOSA + DEXTRAN,3 mg + 1 mg / mL,SOLUCION OFTALMICA,No superar la dosis recomendada.
130,HIERRO COMO COMPLEJO DE HIERRO III,100 mg,TABLETA / COMPRIMIDOS MASTICABLES,No superar la dosis recomendada.
131,IBUPROFENO,100 mg / 5 mL,SUSPENSION,"No usar en ninos menores de dos anos. En los ninos mayores de dos anos no usar por mas de 48 horas. Puede producir problemas gastrointestinales, renales y hepaticos."
132,IBUPROFENO,400 mg,CAPLETA / GRAGEA / TABLETA / COMPRIMIDOS / CAPSULA,"No usar conjuntamente con otros analgesicos, su uso prolongado puede producir problemas gastrointestinales o hepaticos. No ingerir mas de 1200 mg al dia."
133,IBUPROFENO,100 mg,SUPOSITORIO,"No usar conjuntamente con otros analgesicos, su uso prolongado puede producir problemas gastrointestinales o hepaticos."
134,IBUPROFENO,10 g / 100 g,GEL,Si persisten los sintomas busque ayuda medica.
135,IBUPROFENO,50 mg / mL,GOTAS ORALES EN SUSPENSION,"No usar en ninos menores de dos anos. En los ninos mayores de dos anos no usar por mas de 48 horas. Puede producir problemas gastrointestinales, renales y hepaticos."
136,IBUPROFENO + N-BUTILBROMURO DE HIOSCINA,400 mg + 20 mg,TABLETA / COMPRIMIDOS RECUBIERTAS,"No usar en ninos menores de 2 anos. Puede producir problemas gastrointestinales, renales y hepaticos."
137,IBUPROFENO COMBINADO CON: VITAMINA B1 + VITAMINA B6 + VITAMINA B12 + IBUPROFENO,Hasta 400 mg de Ibuprofeno + 50 mg Vitamina B1 + 100 mg Vitamina B6 + 100 mcg Vitamina B12,CAPLETA,No superar la dosis recomendada. Si los sintomas persisten consultar a su medico.
138,IBUPROFENO + CAFEINA,Hasta 400 mg Ibuprofeno / 65 mg Cafeina,CAPSULA,"No usar conjuntamente con otros analgesicos, su uso prolongado puede producir problemas gastrointestinales o hepaticos. No ingerir mas de 1200 mg al dia."
139,LACTOBACILLUS ACIDOPHILUS,170 mg,POLVO PARA SOLUCION ORAL,No superar la dosis recomendada.
140,LACTOBACILLUS ACIDOPHILUS,170 mg,CAPSULA,No superar la dosis recomendada.
141,LACTULOSA,3.33 g / 5 mL,SOLUCION ORAL,"En caso de efecto terapeutico insuficiente despues de varios dias de tratamiento, se aconseja consultar al medico."
142,LEVONORGESTREL,1.5 mg,TABLETA / COMPRIMIDO,"Es un anticonceptivo de emergencia, no usar como metodo de planificacion familiar de rutina. Debe ingerirse preferiblemente antes de las 72 horas despues del coito, entre mas cerca de la hora del coito es mas eficaz. Puede tomarse hasta el 5 dia (120 horas) pero la eficacia se reduce."
143,LIDOCAINA,5 g / 100 g,GEL TOPICO / UNGUENTO TOPICO,No ingerir. Si los sintomas persisten consultar a su medico.
144,LIDOCAINA,100 mg / mL,SPRAY,No ingerir. Si los sintomas persisten consultar a su medico.
145,LOPERAMIDA,2 mg,TABLETA / COMPRIMIDO,No usar en menores de 12 anos. La dosis maxima es de 16 mg al dia. Si luego de 2 dias persisten los sintomas buscar atencion medica. La medida terapeutica mas importante es la administracion de fluidos apropiados y la reposicion de electrolitos (Sales de Rehidratacion Oral).
146,LOPERAMIDA,2 mg / mL,SOLUCION GOTAS ORALES,No usar en ninos menores de 12 anos. La dosis maxima es de 16 mg al dia. Si luego de 2 dias persisten los sintomas buscar atencion medica. La medida terapeutica mas importante es la administracion de liquidos apropiados y la reposicion de electrolitos (Sales de Rehidratacion Oral).
147,LORATADINA,10 mg,TABLETA / COMPRIMIDO,"Si el paciente empeora o los sintomas persisten despues de 7 dias de tratamiento, debe evaluarse la situacion clinica del paciente."
148,LORATADINA,5 mg / 5 mL,JARABE / SOLUCION ORAL,"Si el paciente empeora o los sintomas persisten despues de 7 dias de tratamiento, debe evaluarse la situacion clinica del paciente."
149,LORATADINA,1 mg / mL,SOLUCION GOTAS,"Si el paciente empeora o los sintomas persisten despues de 7 dias de tratamiento, debe evaluarse la situacion clinica del paciente."
150,LORATADINA / FENILEFRINA,5 mg + 5 mg / 5 mL,JARABE,"Si el paciente empeora o los sintomas persisten despues de 7 dias de tratamiento, consulte a su medico. No usar en hipertensos y cardiopatas."
151,MAGALDRATO + SIMETICONA,400 mg + 30 mg / 5 mL,SUSPENSION,Evitar el uso prolongado. Si persisten los sintomas buscar atencion medica.
152,MAGALDRATO + SIMETICONA,800 mg + 40 mg,COMPRIMIDO MASTICABLE,Si persisten los sintomas buscar atencion medica.
153,MECOBALAMINA,500 mcg,TABLETA / COMPRIMIDOS,No superar la dosis recomendada.
154,MELATONINA,3 mg,CAPSULA,Produce somnolencia.
155,MENTOL,[ILEGIBLE - celda tachada en el origen],UNGUENTO / CREMA,No ingerir.
156,MENTOL + SALICILATO DE METILO + EUCALIPTO,[ILEGIBLE - celda tachada en el origen],UNGUENTO / CREMA,No ingerir.
157,MENTOL + EXTO. FLUIDO DE TOLU + BENJUI + EUCALIPTO + GOMENOL,1 g + 10 mL + 10 mL + 10 mL + 1 mL / 100 mL,SOLUCION INHALANTE,No ingerir.
158,MICONAZOL,400 mg,OVULO,Si los sintomas persisten consultar a su medico.
159,MICONAZOL,2 g / 100 mL,SOLUCION TOPICA,No utilizar en ninos menores de 2 anos. Si persisten los sintomas luego de 5 dias buscar atencion medica.
160,MICONAZOL,2 g / 100 g,CREMA TOPICA,No utilizar en ninos menores de 2 anos. Si persisten los sintomas luego de 5 dias buscar atencion medica.
161,MICONAZOL,2 g / 100 g,CREMA VAGINAL,No utilizar en ninos menores de 2 anos. Si persisten los sintomas luego de 5 dias buscar atencion medica.
162,MICONAZOL,2 g / 100 g,POLVO,No utilizar en ninos menores de 2 anos. Si persisten los sintomas luego de 5 dias buscar atencion medica.
163,NAPROXENO SODICO,275 mg,CAPSULA / TABLETA / COMPRIMIDOS,"Uso en mayores de 16 anos, la dosis maxima es de 600 mg. Puede incrementar riesgo de problemas hepaticos, renales y gastrointestinales. No usar conjuntamente con otros analgesicos, sin prescripcion medica."
164,NAPROXENO SODICO,5.5 g / 100 g,GEL TOPICO,"Uso en mayores de 16 anos, la dosis maxima es de 600 mg. Puede incrementar riesgo de problemas hepaticos, renales y gastrointestinales. No usar conjuntamente con otros analgesicos, sin prescripcion medica."
165,NICOTINA RESINATO,10 mg (Equiv. A 4 mg de Nicotina),TABLETA / COMPRIMIDOS DE GOMA MASTICABLE,No usar en menores de 18 anos sin prescripcion medica.
166,NISTATINA,"100,000 UI",CREMA TOPICA,No ingerir. Si los sintomas persisten consultar a su medico.
167,OMEGA 3,1200 mg,CAPSULAS BLANDAS DE GELATINA,No superar la dosis recomendada.
168,OXIDO DE ZINC,[ILEGIBLE - celda tachada en el origen],LOCION,No ingerir.
169,OXIDO DE ZINC,[ILEGIBLE - celda tachada en el origen],CREMA DERMICA,No ingerir.
170,OXIMETAZOLINA,0.50 mg / mL,SOLUCION NASAL,No usar en menores de 6 anos. No superar la dosis recomendada. Si los sintomas persisten consultar a su medico.
171,OXIMETAZOLINA + DEXPANTENOL,0.50 mg + 20.33 mg / 3 mL,SOLUCION NASAL,No usar en menores de 6 anos. No superar la dosis recomendada. Si los sintomas persisten consultar a su medico.
172,PANCREATINA,400 mg,CAPSULA / TABLETAS / GRAGEAS / COMPRIMIDOS,No superar la dosis recomendada. Si los sintomas persisten por mas de 5 dias consultar a su medico.
173,PANCREATINA + DIMETILPOLISILOXANO + BROMOPRIDE,400 mg + 80 mg + 5 mg,CAPSULA / TABLETAS / GRAGEAS / COMPRIMIDOS,No superar la dosis recomendada. Si los sintomas persisten por mas de 5 dias consultar a su medico.
174,PANCREATINA + SIMETICONA,600 mg + 80 mg,CAPSULA / TABLETAS / GRAGEAS / COMPRIMIDOS,No superar la dosis recomendada. Si los sintomas persisten por mas de 5 dias consultar a su medico.
175,PERMETRINA,1 g / 100 mL,SHAMPOO / LOCION,No ingerir.
176,PEROXIDO DE BENZOILO,5 g / 100 g,JABON PASTA,No ingerir.
177,PEROXIDO DE BENZOILO,5 g / 100 g,GEL,No ingerir.
178,PIRIDOXINA + DOXILAMINA,10 mg + 10 mg,TABLETA / COMPRIMIDOS ENTERICOS,No superar la dosis recomendada.
179,PIROXICAM,0.5 g / 100 g,GEL,Si persisten los sintomas buscar atencion medica.
180,POLIETILENGLICOL 400 + PROPILENGLICOL,4.0 mg + 3.0 mg / 1 mL,SOLUCION OFTALMICA ESTERIL,No superar la dosis recomendada. Si persisten los sintomas buscar atencion medica.
181,PRAMOXINA + ACETATO DE ZINC,1 g + 0.1 g / 100 mL,LOCION,No ingerir.
182,RUSCUS ACULEATUS + ACIDO ASCORBICO (VITAMINA C) + LACTOBACILLUS SPOROGENES,20.00 mg + 40.00 mg + 8.300 mg,TABLETA / COMPRIMIDOS MASTICABLES,No superar la dosis recomendada.
183,SACCHAROMYCES BOULARDII,200 mg,CAPSULA,No superar la dosis recomendada.
184,SACCHAROMYCES BOULARDII,250 mg,POLVO PARA SUSPENSION / SOLUCION ORAL,No superar la dosis recomendada.
185,SALES DE REHIDRATACION ORAL,SEGUN FORMULA OMS: POR CADA LITRO (1000 mL) CLORURO DE SODIO 2.6 g / GLUCOSA ANHIDRA 13.5 g / CLORURO DE POTASIO 1.5 g / CITRATO TRISODICO 2.9 g,POLVO PARA SOLUCION ORAL / SOLUCION ORAL,"Si persiste la diarrea luego de 24 horas, se incrementan las deposiciones o presenta fiebre o datos de deshidratacion acudir al medico."
186,SILIMARINA,200 mg,TABLETA / COMPRIMIDO / CAPSULA / GRAGEA,Para ingesta por largos periodos de tiempo requiere indicacion medica.
187,SIMETICONA,Hasta 125 mg,TABLETA / COMPRIMIDOS MASTICABLES,Si los sintomas persisten consultar a su medico.
188,SIMETICONA,Hasta 100 mg / mL,SUSPENSION / SUSPENSION EN GOTAS,Si los sintomas persisten consultar a su medico.
189,SUBSALICILATO DE BISMUTO,87.33 mg / 5 mL,SUSPENSION ORAL,No superar la dosis recomendada. Si los sintomas persisten consultar a su medico. No utilizar en pacientes alergicos a la acido acetil salicilico.
190,SULFADIAZINA DE PLATA,1 g / 100 g,CREMA,"No ingerir, uso topico."
191,SULFADIAZINA DE PLATA,1 g / 100 g,POLVO,"No ingerir, uso topico."
192,SULFADIAZINA DE PLATA + PRAMOXINA + OXIDO DE ZINC + VITAMINA A + VITAMINA E,10 mg + 10 mg + 100 mg + 250 U.I. + 30 U.I. / g,CREMA TOPICA,"No ingerir, uso topico."
193,TETRAHIDROZOLINA,0.50 mg / mL,SOLUCION OFTALMICA,"Uso en ninos mayores de 6 anos no superar la dosis recomendada, si persisten los sintomas consulte a su medico. No utilizar con pacientes con glaucoma."
194,TOLNAFTATO,1 g / 100 mL,SOLUCION,Uso topico. No ingerir. Si los sintomas persisten consultar a su medico.
195,TOLNAFTATO,1 g / 100 g,POLVO,Uso topico. No ingerir. Si los sintomas persisten consultar a su medico.
196,TOLNAFTATO,1 g / 100 g,CREMA,Uso topico. No ingerir. Si los sintomas persisten consultar a su medico.
197,TOLNAFTATO + ALANTOINA,1 g + 0.2 g / 100 g,POLVO,Uso topico. No ingerir. Si los sintomas persisten consultar a su medico.
198,TRICLOSAN,0.1 g / 100 g,POLVO,Uso topico. No ingerir. Si los sintomas persisten consultar a su medico.
199,VITAMINA A PALMITATO + VITAMINA D3 + OXIDO DE ZINC,[ILEGIBLE - celda tachada en el origen],UNGUENTO / CREMA,No superar la dosis recomendada.
200,VITAMINA B1 + VITAMINA B6 + VITAMINA B12,50 mg + 50 mg + 200 mcg / 15 mL,JARABE,No superar la dosis recomendada.
201,VITAMINA B1 + VITAMINA B6 + VITAMINA B12,100 mg + 100 mg + 200 mcg,TABLETA / COMPRIMIDOS RECUBIERTAS / CAPSULAS / CAPLETAS,No superar la dosis recomendada.
202,VITAMINA B12 + ACIDO FOLICO,0.50 mg + 5.0 mg,TABLETA / COMPRIMIDO,No superar la dosis recomendada.
203,VITAMINA B12 + ACIDO FOLICO,250 mcg + 2.5 mg / 5 mL,SOLUCION ORAL,No superar la dosis recomendada.
204,VITAMINA E (ALFATOCOFERIL ACETATO),400 UI,CAPSULA BLANDAS,No superar la dosis recomendada.
205,VITAMINA E + EXTRACTO DE ALOE,[ILEGIBLE - celda tachada en el origen],UNGUENTO / CREMA,No superar la dosis recomendada.
206,"VITAMINAS, MINERALES Y AMINOACIDOS EN COMBINACION",NO DEBE EXCEDER EL 150 % DE LA DOSIS DIARIA RECOMENDADA,TABLETAS / COMPRIMIDOS / JARABE / SOLUCION ORAL / POLVO,No superar la dosis recomendada.
207,XILOMETAZOLINA,1 mg / mL,SOLUCION NASAL / SOLUCION NASALSPRAY DOSIFICADOR,No superar la dosis recomendada. Usar con precaucion en hipertensos.
